datetime,site_id,variable,observation
2022-09-02,fcre,FLOW,0.0027
2022-09-02,fcre,TEMP,18.6398
2022-09-02,fcre,SALT,0
2022-09-02,fcre,OXY_oxy,274.6469
2022-09-02,fcre,CAR_dic,102.0661
2022-09-02,fcre,CAR_ch4,NA
2022-09-02,fcre,SIL_rsi,120.9013
2022-09-02,fcre,NIT_amm,0.9128
2022-09-02,fcre,NIT_nit,2.0075
2022-09-02,fcre,PHS_frp,0.2415
2022-09-02,fcre,OGM_doc,12.101
2022-09-02,fcre,OGM_docr,163.3639
2022-09-02,fcre,OGM_poc,17.5465
2022-09-02,fcre,OGM_don,1.0797
2022-09-02,fcre,OGM_donr,9.7169
2022-09-02,fcre,OGM_pon,2.1593
2022-09-02,fcre,OGM_dop,0.0286
2022-09-02,fcre,OGM_dopr,0.257
2022-09-02,fcre,OGM_pop,0.6664
2022-09-02,fcre,PHY_cyano,0
2022-09-02,fcre,PHY_green,0
2022-09-02,fcre,PHY_diatom,0
2022-09-03,fcre,FLOW,0.0027
2022-09-03,fcre,TEMP,19.5243
2022-09-03,fcre,SALT,0
2022-09-03,fcre,OXY_oxy,269.7726
2022-09-03,fcre,CAR_dic,100.9235
2022-09-03,fcre,CAR_ch4,NA
2022-09-03,fcre,SIL_rsi,120.9013
2022-09-03,fcre,NIT_amm,0.9608
2022-09-03,fcre,NIT_nit,1.9247
2022-09-03,fcre,PHS_frp,0.2387
2022-09-03,fcre,OGM_doc,12.212
2022-09-03,fcre,OGM_docr,164.8626
2022-09-03,fcre,OGM_poc,17.7075
2022-09-03,fcre,OGM_don,1.077
2022-09-03,fcre,OGM_donr,9.693
2022-09-03,fcre,OGM_pon,2.154
2022-09-03,fcre,OGM_dop,0.029
2022-09-03,fcre,OGM_dopr,0.2607
2022-09-03,fcre,OGM_pop,0.676
2022-09-03,fcre,PHY_cyano,0
2022-09-03,fcre,PHY_green,0
2022-09-03,fcre,PHY_diatom,0
2022-09-04,fcre,FLOW,0.0069
2022-09-04,fcre,TEMP,19.942
2022-09-04,fcre,SALT,0
2022-09-04,fcre,OXY_oxy,267.524
2022-09-04,fcre,CAR_dic,99.781
2022-09-04,fcre,CAR_ch4,NA
2022-09-04,fcre,SIL_rsi,120.9013
2022-09-04,fcre,NIT_amm,1.0089
2022-09-04,fcre,NIT_nit,1.8419
2022-09-04,fcre,PHS_frp,0.2359
2022-09-04,fcre,OGM_doc,12.3231
2022-09-04,fcre,OGM_docr,166.3614
2022-09-04,fcre,OGM_poc,17.8684
2022-09-04,fcre,OGM_don,1.0743
2022-09-04,fcre,OGM_donr,9.669
2022-09-04,fcre,OGM_pon,2.1487
2022-09-04,fcre,OGM_dop,0.0294
2022-09-04,fcre,OGM_dopr,0.2645
2022-09-04,fcre,OGM_pop,0.6857
2022-09-04,fcre,PHY_cyano,0
2022-09-04,fcre,PHY_green,0
2022-09-04,fcre,PHY_diatom,0
2022-09-05,fcre,FLOW,0.0126
2022-09-05,fcre,TEMP,19.6489
2022-09-05,fcre,SALT,0
2022-09-05,fcre,OXY_oxy,269.0985
2022-09-05,fcre,CAR_dic,98.6385
2022-09-05,fcre,CAR_ch4,NA
2022-09-05,fcre,SIL_rsi,120.9013
2022-09-05,fcre,NIT_amm,1.0569
2022-09-05,fcre,NIT_nit,1.7591
2022-09-05,fcre,PHS_frp,0.2331
2022-09-05,fcre,OGM_doc,12.4341
2022-09-05,fcre,OGM_docr,167.8601
2022-09-05,fcre,OGM_poc,18.0294
2022-09-05,fcre,OGM_don,1.0717
2022-09-05,fcre,OGM_donr,9.6451
2022-09-05,fcre,OGM_pon,2.1434
2022-09-05,fcre,OGM_dop,0.0298
2022-09-05,fcre,OGM_dopr,0.2682
2022-09-05,fcre,OGM_pop,0.6953
2022-09-05,fcre,PHY_cyano,0
2022-09-05,fcre,PHY_green,0
2022-09-05,fcre,PHY_diatom,0
2022-09-06,fcre,FLOW,0.0076
2022-09-06,fcre,TEMP,19.9401
2022-09-06,fcre,SALT,0
2022-09-06,fcre,OXY_oxy,267.534
2022-09-06,fcre,CAR_dic,97.496
2022-09-06,fcre,CAR_ch4,NA
2022-09-06,fcre,SIL_rsi,120.9013
2022-09-06,fcre,NIT_amm,1.105
2022-09-06,fcre,NIT_nit,1.6763
2022-09-06,fcre,PHS_frp,0.2302
2022-09-06,fcre,OGM_doc,12.5451
2022-09-06,fcre,OGM_docr,169.3589
2022-09-06,fcre,OGM_poc,18.1904
2022-09-06,fcre,OGM_don,1.069
2022-09-06,fcre,OGM_donr,9.6212
2022-09-06,fcre,OGM_pon,2.138
2022-09-06,fcre,OGM_dop,0.0302
2022-09-06,fcre,OGM_dopr,0.2719
2022-09-06,fcre,OGM_pop,0.705
2022-09-06,fcre,PHY_cyano,0
2022-09-06,fcre,PHY_green,0
2022-09-06,fcre,PHY_diatom,0
2022-09-07,fcre,FLOW,0.0039
2022-09-07,fcre,TEMP,19.6353
2022-09-07,fcre,SALT,0
2022-09-07,fcre,OXY_oxy,269.1716
2022-09-07,fcre,CAR_dic,96.3534
2022-09-07,fcre,CAR_ch4,NA
2022-09-07,fcre,SIL_rsi,120.9013
2022-09-07,fcre,NIT_amm,1.153
2022-09-07,fcre,NIT_nit,1.5935
2022-09-07,fcre,PHS_frp,0.2274
2022-09-07,fcre,OGM_doc,12.6561
2022-09-07,fcre,OGM_docr,170.8576
2022-09-07,fcre,OGM_poc,18.3514
2022-09-07,fcre,OGM_don,1.0664
2022-09-07,fcre,OGM_donr,9.5972
2022-09-07,fcre,OGM_pon,2.1327
2022-09-07,fcre,OGM_dop,0.0306
2022-09-07,fcre,OGM_dopr,0.2756
2022-09-07,fcre,OGM_pop,0.7146
2022-09-07,fcre,PHY_cyano,0
2022-09-07,fcre,PHY_green,0
2022-09-07,fcre,PHY_diatom,0
2022-09-08,fcre,FLOW,0.0121
2022-09-08,fcre,TEMP,18.929
2022-09-08,fcre,SALT,0
2022-09-08,fcre,OXY_oxy,273.0361
2022-09-08,fcre,CAR_dic,95.2109
2022-09-08,fcre,CAR_ch4,NA
2022-09-08,fcre,SIL_rsi,120.9013
2022-09-08,fcre,NIT_amm,1.201
2022-09-08,fcre,NIT_nit,1.5108
2022-09-08,fcre,PHS_frp,0.2246
2022-09-08,fcre,OGM_doc,12.7671
2022-09-08,fcre,OGM_docr,172.3564
2022-09-08,fcre,OGM_poc,18.5124
2022-09-08,fcre,OGM_don,1.0637
2022-09-08,fcre,OGM_donr,9.5733
2022-09-08,fcre,OGM_pon,2.1274
2022-09-08,fcre,OGM_dop,0.031
2022-09-08,fcre,OGM_dopr,0.2794
2022-09-08,fcre,OGM_pop,0.7243
2022-09-08,fcre,PHY_cyano,0
2022-09-08,fcre,PHY_green,0
2022-09-08,fcre,PHY_diatom,0
2022-09-09,fcre,FLOW,0.0051
2022-09-09,fcre,TEMP,18.363
2022-09-09,fcre,SALT,0
2022-09-09,fcre,OXY_oxy,276.2045
2022-09-09,fcre,CAR_dic,94.0684
2022-09-09,fcre,CAR_ch4,NA
2022-09-09,fcre,SIL_rsi,120.9013
2022-09-09,fcre,NIT_amm,1.2491
2022-09-09,fcre,NIT_nit,1.428
2022-09-09,fcre,PHS_frp,0.2218
2022-09-09,fcre,OGM_doc,12.8782
2022-09-09,fcre,OGM_docr,173.8551
2022-09-09,fcre,OGM_poc,18.6733
2022-09-09,fcre,OGM_don,1.061
2022-09-09,fcre,OGM_donr,9.5494
2022-09-09,fcre,OGM_pon,2.1221
2022-09-09,fcre,OGM_dop,0.0315
2022-09-09,fcre,OGM_dopr,0.2831
2022-09-09,fcre,OGM_pop,0.7339
2022-09-09,fcre,PHY_cyano,0
2022-09-09,fcre,PHY_green,0
2022-09-09,fcre,PHY_diatom,0
2022-09-10,fcre,FLOW,0.0083
2022-09-10,fcre,TEMP,17.766
2022-09-10,fcre,SALT,0
2022-09-10,fcre,OXY_oxy,279.6186
2022-09-10,fcre,CAR_dic,92.9258
2022-09-10,fcre,CAR_ch4,NA
2022-09-10,fcre,SIL_rsi,120.9013
2022-09-10,fcre,NIT_amm,1.2971
2022-09-10,fcre,NIT_nit,1.3452
2022-09-10,fcre,PHS_frp,0.219
2022-09-10,fcre,OGM_doc,12.9892
2022-09-10,fcre,OGM_docr,175.3539
2022-09-10,fcre,OGM_poc,18.8343
2022-09-10,fcre,OGM_don,1.0584
2022-09-10,fcre,OGM_donr,9.5254
2022-09-10,fcre,OGM_pon,2.1168
2022-09-10,fcre,OGM_dop,0.0319
2022-09-10,fcre,OGM_dopr,0.2868
2022-09-10,fcre,OGM_pop,0.7436
2022-09-10,fcre,PHY_cyano,0
2022-09-10,fcre,PHY_green,0
2022-09-10,fcre,PHY_diatom,0
2022-09-11,fcre,FLOW,0.0089
2022-09-11,fcre,TEMP,18.5604
2022-09-11,fcre,SALT,0
2022-09-11,fcre,OXY_oxy,275.092
2022-09-11,fcre,CAR_dic,91.7833
2022-09-11,fcre,CAR_ch4,NA
2022-09-11,fcre,SIL_rsi,120.9013
2022-09-11,fcre,NIT_amm,1.3452
2022-09-11,fcre,NIT_nit,1.2624
2022-09-11,fcre,PHS_frp,0.2162
2022-09-11,fcre,OGM_doc,13.1002
2022-09-11,fcre,OGM_docr,176.8526
2022-09-11,fcre,OGM_poc,18.9953
2022-09-11,fcre,OGM_don,1.0557
2022-09-11,fcre,OGM_donr,9.5015
2022-09-11,fcre,OGM_pon,2.1114
2022-09-11,fcre,OGM_dop,0.0323
2022-09-11,fcre,OGM_dopr,0.2905
2022-09-11,fcre,OGM_pop,0.7532
2022-09-11,fcre,PHY_cyano,0
2022-09-11,fcre,PHY_green,0
2022-09-11,fcre,PHY_diatom,0
2022-09-12,fcre,FLOW,0.0063
2022-09-12,fcre,TEMP,19.3783
2022-09-12,fcre,SALT,0
2022-09-12,fcre,OXY_oxy,270.5662
2022-09-12,fcre,CAR_dic,90.6408
2022-09-12,fcre,CAR_ch4,NA
2022-09-12,fcre,SIL_rsi,120.9013
2022-09-12,fcre,NIT_amm,1.3932
2022-09-12,fcre,NIT_nit,1.1796
2022-09-12,fcre,PHS_frp,0.2134
2022-09-12,fcre,OGM_doc,13.2112
2022-09-12,fcre,OGM_docr,178.3514
2022-09-12,fcre,OGM_poc,19.1563
2022-09-12,fcre,OGM_don,1.0531
2022-09-12,fcre,OGM_donr,9.4776
2022-09-12,fcre,OGM_pon,2.1061
2022-09-12,fcre,OGM_dop,0.0327
2022-09-12,fcre,OGM_dopr,0.2942
2022-09-12,fcre,OGM_pop,0.7629
2022-09-12,fcre,PHY_cyano,0
2022-09-12,fcre,PHY_green,0
2022-09-12,fcre,PHY_diatom,0
2022-09-13,fcre,FLOW,0.0052
2022-09-13,fcre,TEMP,17.4855
2022-09-13,fcre,SALT,0
2022-09-13,fcre,OXY_oxy,281.249
2022-09-13,fcre,CAR_dic,89.4982
2022-09-13,fcre,CAR_ch4,NA
2022-09-13,fcre,SIL_rsi,120.9013
2022-09-13,fcre,NIT_amm,1.4412
2022-09-13,fcre,NIT_nit,1.0968
2022-09-13,fcre,PHS_frp,0.2106
2022-09-13,fcre,OGM_doc,13.3222
2022-09-13,fcre,OGM_docr,179.8501
2022-09-13,fcre,OGM_poc,19.3172
2022-09-13,fcre,OGM_don,1.0504
2022-09-13,fcre,OGM_donr,9.4536
2022-09-13,fcre,OGM_pon,2.1008
2022-09-13,fcre,OGM_dop,0.0331
2022-09-13,fcre,OGM_dopr,0.298
2022-09-13,fcre,OGM_pop,0.7725
2022-09-13,fcre,PHY_cyano,0
2022-09-13,fcre,PHY_green,0
2022-09-13,fcre,PHY_diatom,0
2022-09-14,fcre,FLOW,0.0039
2022-09-14,fcre,TEMP,16.2016
2022-09-14,fcre,SALT,0
2022-09-14,fcre,OXY_oxy,288.9334
2022-09-14,fcre,CAR_dic,89.7912
2022-09-14,fcre,CAR_ch4,NA
2022-09-14,fcre,SIL_rsi,120.9013
2022-09-14,fcre,NIT_amm,1.3645
2022-09-14,fcre,NIT_nit,1.062
2022-09-14,fcre,PHS_frp,0.209
2022-09-14,fcre,OGM_doc,13.2582
2022-09-14,fcre,OGM_docr,178.9855
2022-09-14,fcre,OGM_poc,19.2244
2022-09-14,fcre,OGM_don,1.1348
2022-09-14,fcre,OGM_donr,10.2131
2022-09-14,fcre,OGM_pon,2.2696
2022-09-14,fcre,OGM_dop,0.0352
2022-09-14,fcre,OGM_dopr,0.3169
2022-09-14,fcre,OGM_pop,0.8216
2022-09-14,fcre,PHY_cyano,0
2022-09-14,fcre,PHY_green,0
2022-09-14,fcre,PHY_diatom,0
2022-09-15,fcre,FLOW,0.0036
2022-09-15,fcre,TEMP,16.5145
2022-09-15,fcre,SALT,0
2022-09-15,fcre,OXY_oxy,287.0263
2022-09-15,fcre,CAR_dic,90.0842
2022-09-15,fcre,CAR_ch4,NA
2022-09-15,fcre,SIL_rsi,120.9013
2022-09-15,fcre,NIT_amm,1.2877
2022-09-15,fcre,NIT_nit,1.0273
2022-09-15,fcre,PHS_frp,0.2073
2022-09-15,fcre,OGM_doc,13.1941
2022-09-15,fcre,OGM_docr,178.1208
2022-09-15,fcre,OGM_poc,19.1315
2022-09-15,fcre,OGM_don,1.2192
2022-09-15,fcre,OGM_donr,10.9725
2022-09-15,fcre,OGM_pon,2.4383
2022-09-15,fcre,OGM_dop,0.0373
2022-09-15,fcre,OGM_dopr,0.3359
2022-09-15,fcre,OGM_pop,0.8708
2022-09-15,fcre,PHY_cyano,0
2022-09-15,fcre,PHY_green,0
2022-09-15,fcre,PHY_diatom,0
2022-09-16,fcre,FLOW,0.0035
2022-09-16,fcre,TEMP,17.071
2022-09-16,fcre,SALT,0
2022-09-16,fcre,OXY_oxy,283.6893
2022-09-16,fcre,CAR_dic,90.3771
2022-09-16,fcre,CAR_ch4,NA
2022-09-16,fcre,SIL_rsi,120.9013
2022-09-16,fcre,NIT_amm,1.211
2022-09-16,fcre,NIT_nit,0.9926
2022-09-16,fcre,PHS_frp,0.2057
2022-09-16,fcre,OGM_doc,13.1301
2022-09-16,fcre,OGM_docr,177.2561
2022-09-16,fcre,OGM_poc,19.0386
2022-09-16,fcre,OGM_don,1.3036
2022-09-16,fcre,OGM_donr,11.732
2022-09-16,fcre,OGM_pon,2.6071
2022-09-16,fcre,OGM_dop,0.0394
2022-09-16,fcre,OGM_dopr,0.3548
2022-09-16,fcre,OGM_pop,0.9199
2022-09-16,fcre,PHY_cyano,0
2022-09-16,fcre,PHY_green,0
2022-09-16,fcre,PHY_diatom,0
2022-09-17,fcre,FLOW,0.0034
2022-09-17,fcre,TEMP,17.053
2022-09-17,fcre,SALT,0
2022-09-17,fcre,OXY_oxy,283.7963
2022-09-17,fcre,CAR_dic,90.6701
2022-09-17,fcre,CAR_ch4,NA
2022-09-17,fcre,SIL_rsi,120.9013
2022-09-17,fcre,NIT_amm,1.1342
2022-09-17,fcre,NIT_nit,0.9578
2022-09-17,fcre,PHS_frp,0.2041
2022-09-17,fcre,OGM_doc,13.066
2022-09-17,fcre,OGM_docr,176.3915
2022-09-17,fcre,OGM_poc,18.9458
2022-09-17,fcre,OGM_don,1.3879
2022-09-17,fcre,OGM_donr,12.4914
2022-09-17,fcre,OGM_pon,2.7759
2022-09-17,fcre,OGM_dop,0.0415
2022-09-17,fcre,OGM_dopr,0.3738
2022-09-17,fcre,OGM_pop,0.969
2022-09-17,fcre,PHY_cyano,0
2022-09-17,fcre,PHY_green,0
2022-09-17,fcre,PHY_diatom,0
2022-09-18,fcre,FLOW,0.0032
2022-09-18,fcre,TEMP,16.9669
2022-09-18,fcre,SALT,0
2022-09-18,fcre,OXY_oxy,284.3086
2022-09-18,fcre,CAR_dic,90.963
2022-09-18,fcre,CAR_ch4,NA
2022-09-18,fcre,SIL_rsi,120.9013
2022-09-18,fcre,NIT_amm,1.0575
2022-09-18,fcre,NIT_nit,0.9231
2022-09-18,fcre,PHS_frp,0.2025
2022-09-18,fcre,OGM_doc,13.002
2022-09-18,fcre,OGM_docr,175.5268
2022-09-18,fcre,OGM_poc,18.8529
2022-09-18,fcre,OGM_don,1.4723
2022-09-18,fcre,OGM_donr,13.2508
2022-09-18,fcre,OGM_pon,2.9446
2022-09-18,fcre,OGM_dop,0.0436
2022-09-18,fcre,OGM_dopr,0.3927
2022-09-18,fcre,OGM_pop,1.0181
2022-09-18,fcre,PHY_cyano,0
2022-09-18,fcre,PHY_green,0
2022-09-18,fcre,PHY_diatom,0
2022-09-19,fcre,FLOW,0.0032
2022-09-19,fcre,TEMP,17.7688
2022-09-19,fcre,SALT,0
2022-09-19,fcre,OXY_oxy,279.6029
2022-09-19,fcre,CAR_dic,91.256
2022-09-19,fcre,CAR_ch4,NA
2022-09-19,fcre,SIL_rsi,120.9013
2022-09-19,fcre,NIT_amm,0.9807
2022-09-19,fcre,NIT_nit,0.8883
2022-09-19,fcre,PHS_frp,0.2009
2022-09-19,fcre,OGM_doc,12.9379
2022-09-19,fcre,OGM_docr,174.6621
2022-09-19,fcre,OGM_poc,18.76
2022-09-19,fcre,OGM_don,1.5567
2022-09-19,fcre,OGM_donr,14.0103
2022-09-19,fcre,OGM_pon,3.1134
2022-09-19,fcre,OGM_dop,0.0457
2022-09-19,fcre,OGM_dopr,0.4116
2022-09-19,fcre,OGM_pop,1.0672
2022-09-19,fcre,PHY_cyano,0
2022-09-19,fcre,PHY_green,0
2022-09-19,fcre,PHY_diatom,0
2022-09-20,fcre,FLOW,0.0032
2022-09-20,fcre,TEMP,18.5188
2022-09-20,fcre,SALT,0
2022-09-20,fcre,OXY_oxy,275.3262
2022-09-20,fcre,CAR_dic,91.5489
2022-09-20,fcre,CAR_ch4,NA
2022-09-20,fcre,SIL_rsi,120.9013
2022-09-20,fcre,NIT_amm,0.904
2022-09-20,fcre,NIT_nit,0.8536
2022-09-20,fcre,PHS_frp,0.1993
2022-09-20,fcre,OGM_doc,12.8739
2022-09-20,fcre,OGM_docr,173.7975
2022-09-20,fcre,OGM_poc,18.6671
2022-09-20,fcre,OGM_don,1.6411
2022-09-20,fcre,OGM_donr,14.7697
2022-09-20,fcre,OGM_pon,3.2822
2022-09-20,fcre,OGM_dop,0.0478
2022-09-20,fcre,OGM_dopr,0.4306
2022-09-20,fcre,OGM_pop,1.1164
2022-09-20,fcre,PHY_cyano,0
2022-09-20,fcre,PHY_green,0
2022-09-20,fcre,PHY_diatom,0
2022-09-21,fcre,FLOW,0.003
2022-09-21,fcre,TEMP,17.894
2022-09-21,fcre,SALT,0
2022-09-21,fcre,OXY_oxy,278.8807
2022-09-21,fcre,CAR_dic,91.8419
2022-09-21,fcre,CAR_ch4,NA
2022-09-21,fcre,SIL_rsi,120.9013
2022-09-21,fcre,NIT_amm,0.8272
2022-09-21,fcre,NIT_nit,0.8189
2022-09-21,fcre,PHS_frp,0.1976
2022-09-21,fcre,OGM_doc,12.8098
2022-09-21,fcre,OGM_docr,172.9328
2022-09-21,fcre,OGM_poc,18.5743
2022-09-21,fcre,OGM_don,1.7255
2022-09-21,fcre,OGM_donr,15.5292
2022-09-21,fcre,OGM_pon,3.4509
2022-09-21,fcre,OGM_dop,0.0499
2022-09-21,fcre,OGM_dopr,0.4495
2022-09-21,fcre,OGM_pop,1.1655
2022-09-21,fcre,PHY_cyano,0
2022-09-21,fcre,PHY_green,0
2022-09-21,fcre,PHY_diatom,0
2022-09-22,fcre,FLOW,0.0029
2022-09-22,fcre,TEMP,17.8281
2022-09-22,fcre,SALT,0
2022-09-22,fcre,OXY_oxy,279.26
2022-09-22,fcre,CAR_dic,92.1348
2022-09-22,fcre,CAR_ch4,NA
2022-09-22,fcre,SIL_rsi,120.9013
2022-09-22,fcre,NIT_amm,0.7505
2022-09-22,fcre,NIT_nit,0.7841
2022-09-22,fcre,PHS_frp,0.196
2022-09-22,fcre,OGM_doc,12.7458
2022-09-22,fcre,OGM_docr,172.0681
2022-09-22,fcre,OGM_poc,18.4814
2022-09-22,fcre,OGM_don,1.8098
2022-09-22,fcre,OGM_donr,16.2886
2022-09-22,fcre,OGM_pon,3.6197
2022-09-22,fcre,OGM_dop,0.0521
2022-09-22,fcre,OGM_dopr,0.4685
2022-09-22,fcre,OGM_pop,1.2146
2022-09-22,fcre,PHY_cyano,0
2022-09-22,fcre,PHY_green,0
2022-09-22,fcre,PHY_diatom,0
2022-09-23,fcre,FLOW,0.0027
2022-09-23,fcre,TEMP,13.7475
2022-09-23,fcre,SALT,0
2022-09-23,fcre,OXY_oxy,304.7113
2022-09-23,fcre,CAR_dic,92.4278
2022-09-23,fcre,CAR_ch4,NA
2022-09-23,fcre,SIL_rsi,120.9013
2022-09-23,fcre,NIT_amm,0.6737
2022-09-23,fcre,NIT_nit,0.7494
2022-09-23,fcre,PHS_frp,0.1944
2022-09-23,fcre,OGM_doc,12.6817
2022-09-23,fcre,OGM_docr,171.2035
2022-09-23,fcre,OGM_poc,18.3885
2022-09-23,fcre,OGM_don,1.8942
2022-09-23,fcre,OGM_donr,17.0481
2022-09-23,fcre,OGM_pon,3.7885
2022-09-23,fcre,OGM_dop,0.0542
2022-09-23,fcre,OGM_dopr,0.4874
2022-09-23,fcre,OGM_pop,1.2637
2022-09-23,fcre,PHY_cyano,0
2022-09-23,fcre,PHY_green,0
2022-09-23,fcre,PHY_diatom,0
2022-09-24,fcre,FLOW,0.0028
2022-09-24,fcre,TEMP,13.9338
2022-09-24,fcre,SALT,0
2022-09-24,fcre,OXY_oxy,303.4603
2022-09-24,fcre,CAR_dic,92.7208
2022-09-24,fcre,CAR_ch4,NA
2022-09-24,fcre,SIL_rsi,120.9013
2022-09-24,fcre,NIT_amm,0.597
2022-09-24,fcre,NIT_nit,0.7146
2022-09-24,fcre,PHS_frp,0.1928
2022-09-24,fcre,OGM_doc,12.6177
2022-09-24,fcre,OGM_docr,170.3388
2022-09-24,fcre,OGM_poc,18.2957
2022-09-24,fcre,OGM_don,1.9786
2022-09-24,fcre,OGM_donr,17.8075
2022-09-24,fcre,OGM_pon,3.9572
2022-09-24,fcre,OGM_dop,0.0563
2022-09-24,fcre,OGM_dopr,0.5064
2022-09-24,fcre,OGM_pop,1.3128
2022-09-24,fcre,PHY_cyano,0
2022-09-24,fcre,PHY_green,0
2022-09-24,fcre,PHY_diatom,0
2022-09-25,fcre,FLOW,0.0031
2022-09-25,fcre,TEMP,15.0782
2022-09-25,fcre,SALT,0
2022-09-25,fcre,OXY_oxy,295.9701
2022-09-25,fcre,CAR_dic,93.0137
2022-09-25,fcre,CAR_ch4,NA
2022-09-25,fcre,SIL_rsi,120.9013
2022-09-25,fcre,NIT_amm,0.5202
2022-09-25,fcre,NIT_nit,0.6799
2022-09-25,fcre,PHS_frp,0.1912
2022-09-25,fcre,OGM_doc,12.5536
2022-09-25,fcre,OGM_docr,169.4742
2022-09-25,fcre,OGM_poc,18.2028
2022-09-25,fcre,OGM_don,2.063
2022-09-25,fcre,OGM_donr,18.5669
2022-09-25,fcre,OGM_pon,4.126
2022-09-25,fcre,OGM_dop,0.0584
2022-09-25,fcre,OGM_dopr,0.5253
2022-09-25,fcre,OGM_pop,1.362
2022-09-25,fcre,PHY_cyano,0
2022-09-25,fcre,PHY_green,0
2022-09-25,fcre,PHY_diatom,0
2022-09-26,fcre,FLOW,0.0032
2022-09-26,fcre,TEMP,15.0428
2022-09-26,fcre,SALT,0
2022-09-26,fcre,OXY_oxy,296.1969
2022-09-26,fcre,CAR_dic,93.3067
2022-09-26,fcre,CAR_ch4,NA
2022-09-26,fcre,SIL_rsi,120.9013
2022-09-26,fcre,NIT_amm,0.4435
2022-09-26,fcre,NIT_nit,0.6452
2022-09-26,fcre,PHS_frp,0.1895
2022-09-26,fcre,OGM_doc,12.4896
2022-09-26,fcre,OGM_docr,168.6095
2022-09-26,fcre,OGM_poc,18.1099
2022-09-26,fcre,OGM_don,2.1474
2022-09-26,fcre,OGM_donr,19.3264
2022-09-26,fcre,OGM_pon,4.2948
2022-09-26,fcre,OGM_dop,0.0605
2022-09-26,fcre,OGM_dopr,0.5443
2022-09-26,fcre,OGM_pop,1.4111
2022-09-26,fcre,PHY_cyano,0
2022-09-26,fcre,PHY_green,0
2022-09-26,fcre,PHY_diatom,0
2022-09-27,fcre,FLOW,0.0029
2022-09-27,fcre,TEMP,13.1493
2022-09-27,fcre,SALT,0
2022-09-27,fcre,OXY_oxy,308.7922
2022-09-27,fcre,CAR_dic,90.0423
2022-09-27,fcre,CAR_ch4,NA
2022-09-27,fcre,SIL_rsi,120.9013
2022-09-27,fcre,NIT_amm,0.4593
2022-09-27,fcre,NIT_nit,0.5945
2022-09-27,fcre,PHS_frp,0.185
2022-09-27,fcre,OGM_doc,13.0843
2022-09-27,fcre,OGM_docr,176.6385
2022-09-27,fcre,OGM_poc,18.9723
2022-09-27,fcre,OGM_don,2.0287
2022-09-27,fcre,OGM_donr,18.2581
2022-09-27,fcre,OGM_pon,4.0574
2022-09-27,fcre,OGM_dop,0.0571
2022-09-27,fcre,OGM_dopr,0.5141
2022-09-27,fcre,OGM_pop,1.3329
2022-09-27,fcre,PHY_cyano,0
2022-09-27,fcre,PHY_green,0
2022-09-27,fcre,PHY_diatom,0
2022-09-28,fcre,FLOW,0.0028
2022-09-28,fcre,TEMP,11.8679
2022-09-28,fcre,SALT,0
2022-09-28,fcre,OXY_oxy,317.8678
2022-09-28,fcre,CAR_dic,86.7779
2022-09-28,fcre,CAR_ch4,NA
2022-09-28,fcre,SIL_rsi,120.9013
2022-09-28,fcre,NIT_amm,0.4751
2022-09-28,fcre,NIT_nit,0.5438
2022-09-28,fcre,PHS_frp,0.1805
2022-09-28,fcre,OGM_doc,13.6791
2022-09-28,fcre,OGM_docr,184.6675
2022-09-28,fcre,OGM_poc,19.8347
2022-09-28,fcre,OGM_don,1.91
2022-09-28,fcre,OGM_donr,17.1899
2022-09-28,fcre,OGM_pon,3.82
2022-09-28,fcre,OGM_dop,0.0538
2022-09-28,fcre,OGM_dopr,0.4839
2022-09-28,fcre,OGM_pop,1.2547
2022-09-28,fcre,PHY_cyano,0
2022-09-28,fcre,PHY_green,0
2022-09-28,fcre,PHY_diatom,0
2022-09-29,fcre,FLOW,0.0028
2022-09-29,fcre,TEMP,11.9943
2022-09-29,fcre,SALT,0
2022-09-29,fcre,OXY_oxy,316.9519
2022-09-29,fcre,CAR_dic,83.5136
2022-09-29,fcre,CAR_ch4,NA
2022-09-29,fcre,SIL_rsi,120.9013
2022-09-29,fcre,NIT_amm,0.491
2022-09-29,fcre,NIT_nit,0.4931
2022-09-29,fcre,PHS_frp,0.176
2022-09-29,fcre,OGM_doc,14.2738
2022-09-29,fcre,OGM_docr,192.6966
2022-09-29,fcre,OGM_poc,20.697
2022-09-29,fcre,OGM_don,1.7913
2022-09-29,fcre,OGM_donr,16.1216
2022-09-29,fcre,OGM_pon,3.5826
2022-09-29,fcre,OGM_dop,0.0504
2022-09-29,fcre,OGM_dopr,0.4538
2022-09-29,fcre,OGM_pop,1.1764
2022-09-29,fcre,PHY_cyano,0
2022-09-29,fcre,PHY_green,0
2022-09-29,fcre,PHY_diatom,0
2022-09-30,fcre,FLOW,0.0051
2022-09-30,fcre,TEMP,11.2686
2022-09-30,fcre,SALT,0
2022-09-30,fcre,OXY_oxy,322.2762
2022-09-30,fcre,CAR_dic,80.2492
2022-09-30,fcre,CAR_ch4,NA
2022-09-30,fcre,SIL_rsi,120.9013
2022-09-30,fcre,NIT_amm,0.5068
2022-09-30,fcre,NIT_nit,0.4424
2022-09-30,fcre,PHS_frp,0.1715
2022-09-30,fcre,OGM_doc,14.8686
2022-09-30,fcre,OGM_docr,200.7256
2022-09-30,fcre,OGM_poc,21.5594
2022-09-30,fcre,OGM_don,1.6726
2022-09-30,fcre,OGM_donr,15.0534
2022-09-30,fcre,OGM_pon,3.3452
2022-09-30,fcre,OGM_dop,0.0471
2022-09-30,fcre,OGM_dopr,0.4236
2022-09-30,fcre,OGM_pop,1.0982
2022-09-30,fcre,PHY_cyano,0
2022-09-30,fcre,PHY_green,0
2022-09-30,fcre,PHY_diatom,0
2022-10-01,fcre,FLOW,0.0286
2022-10-01,fcre,TEMP,12.2047
2022-10-01,fcre,SALT,0
2022-10-01,fcre,OXY_oxy,315.437
2022-10-01,fcre,CAR_dic,76.9848
2022-10-01,fcre,CAR_ch4,NA
2022-10-01,fcre,SIL_rsi,120.9013
2022-10-01,fcre,NIT_amm,0.5226
2022-10-01,fcre,NIT_nit,0.3917
2022-10-01,fcre,PHS_frp,0.167
2022-10-01,fcre,OGM_doc,15.4633
2022-10-01,fcre,OGM_docr,208.7546
2022-10-01,fcre,OGM_poc,22.4218
2022-10-01,fcre,OGM_don,1.5539
2022-10-01,fcre,OGM_donr,13.9852
2022-10-01,fcre,OGM_pon,3.1078
2022-10-01,fcre,OGM_dop,0.0437
2022-10-01,fcre,OGM_dopr,0.3934
2022-10-01,fcre,OGM_pop,1.02
2022-10-01,fcre,PHY_cyano,0
2022-10-01,fcre,PHY_green,0
2022-10-01,fcre,PHY_diatom,0
2022-10-02,fcre,FLOW,0.0087
2022-10-02,fcre,TEMP,12.1992
2022-10-02,fcre,SALT,0
2022-10-02,fcre,OXY_oxy,315.4766
2022-10-02,fcre,CAR_dic,73.7204
2022-10-02,fcre,CAR_ch4,NA
2022-10-02,fcre,SIL_rsi,120.9013
2022-10-02,fcre,NIT_amm,0.5385
2022-10-02,fcre,NIT_nit,0.341
2022-10-02,fcre,PHS_frp,0.1625
2022-10-02,fcre,OGM_doc,16.058
2022-10-02,fcre,OGM_docr,216.7836
2022-10-02,fcre,OGM_poc,23.2842
2022-10-02,fcre,OGM_don,1.4352
2022-10-02,fcre,OGM_donr,12.9169
2022-10-02,fcre,OGM_pon,2.8704
2022-10-02,fcre,OGM_dop,0.0404
2022-10-02,fcre,OGM_dopr,0.3633
2022-10-02,fcre,OGM_pop,0.9418
2022-10-02,fcre,PHY_cyano,0
2022-10-02,fcre,PHY_green,0
2022-10-02,fcre,PHY_diatom,0
2022-10-03,fcre,FLOW,0.0061
2022-10-03,fcre,TEMP,11.8819
2022-10-03,fcre,SALT,0
2022-10-03,fcre,OXY_oxy,317.7664
2022-10-03,fcre,CAR_dic,70.4561
2022-10-03,fcre,CAR_ch4,NA
2022-10-03,fcre,SIL_rsi,120.9013
2022-10-03,fcre,NIT_amm,0.5543
2022-10-03,fcre,NIT_nit,0.2903
2022-10-03,fcre,PHS_frp,0.1579
2022-10-03,fcre,OGM_doc,16.6528
2022-10-03,fcre,OGM_docr,224.8127
2022-10-03,fcre,OGM_poc,24.1465
2022-10-03,fcre,OGM_don,1.3165
2022-10-03,fcre,OGM_donr,11.8487
2022-10-03,fcre,OGM_pon,2.633
2022-10-03,fcre,OGM_dop,0.037
2022-10-03,fcre,OGM_dopr,0.3331
2022-10-03,fcre,OGM_pop,0.8636
2022-10-03,fcre,PHY_cyano,0
2022-10-03,fcre,PHY_green,0
2022-10-03,fcre,PHY_diatom,0
2022-10-04,fcre,FLOW,0.0046
2022-10-04,fcre,TEMP,10.9768
2022-10-04,fcre,SALT,0
2022-10-04,fcre,OXY_oxy,324.4626
2022-10-04,fcre,CAR_dic,73.0404
2022-10-04,fcre,CAR_ch4,NA
2022-10-04,fcre,SIL_rsi,120.9013
2022-10-04,fcre,NIT_amm,0.5385
2022-10-04,fcre,NIT_nit,0.2719
2022-10-04,fcre,PHS_frp,0.1685
2022-10-04,fcre,OGM_doc,17.307
2022-10-04,fcre,OGM_docr,233.6446
2022-10-04,fcre,OGM_poc,25.0952
2022-10-04,fcre,OGM_don,1.2645
2022-10-04,fcre,OGM_donr,11.3807
2022-10-04,fcre,OGM_pon,2.5291
2022-10-04,fcre,OGM_dop,0.0363
2022-10-04,fcre,OGM_dopr,0.3271
2022-10-04,fcre,OGM_pop,0.8482
2022-10-04,fcre,PHY_cyano,0
2022-10-04,fcre,PHY_green,0
2022-10-04,fcre,PHY_diatom,0
2022-10-05,fcre,FLOW,0.004
2022-10-05,fcre,TEMP,11.7706
2022-10-05,fcre,SALT,0
2022-10-05,fcre,OXY_oxy,318.5762
2022-10-05,fcre,CAR_dic,75.6247
2022-10-05,fcre,CAR_ch4,NA
2022-10-05,fcre,SIL_rsi,120.9013
2022-10-05,fcre,NIT_amm,0.5226
2022-10-05,fcre,NIT_nit,0.2535
2022-10-05,fcre,PHS_frp,0.179
2022-10-05,fcre,OGM_doc,17.9612
2022-10-05,fcre,OGM_docr,242.4765
2022-10-05,fcre,OGM_poc,26.0438
2022-10-05,fcre,OGM_don,1.2125
2022-10-05,fcre,OGM_donr,10.9128
2022-10-05,fcre,OGM_pon,2.4251
2022-10-05,fcre,OGM_dop,0.0357
2022-10-05,fcre,OGM_dopr,0.3212
2022-10-05,fcre,OGM_pop,0.8327
2022-10-05,fcre,PHY_cyano,0
2022-10-05,fcre,PHY_green,0
2022-10-05,fcre,PHY_diatom,0
2022-10-06,fcre,FLOW,0.0038
2022-10-06,fcre,TEMP,12.2245
2022-10-06,fcre,SALT,0
2022-10-06,fcre,OXY_oxy,315.2952
2022-10-06,fcre,CAR_dic,78.2089
2022-10-06,fcre,CAR_ch4,NA
2022-10-06,fcre,SIL_rsi,120.9013
2022-10-06,fcre,NIT_amm,0.5068
2022-10-06,fcre,NIT_nit,0.235
2022-10-06,fcre,PHS_frp,0.1895
2022-10-06,fcre,OGM_doc,18.6154
2022-10-06,fcre,OGM_docr,251.3084
2022-10-06,fcre,OGM_poc,26.9924
2022-10-06,fcre,OGM_don,1.1605
2022-10-06,fcre,OGM_donr,10.4449
2022-10-06,fcre,OGM_pon,2.3211
2022-10-06,fcre,OGM_dop,0.035
2022-10-06,fcre,OGM_dopr,0.3152
2022-10-06,fcre,OGM_pop,0.8173
2022-10-06,fcre,PHY_cyano,0
2022-10-06,fcre,PHY_green,0
2022-10-06,fcre,PHY_diatom,0
2022-10-07,fcre,FLOW,0.0036
2022-10-07,fcre,TEMP,12.9595
2022-10-07,fcre,SALT,0
2022-10-07,fcre,OXY_oxy,310.1072
2022-10-07,fcre,CAR_dic,80.7932
2022-10-07,fcre,CAR_ch4,NA
2022-10-07,fcre,SIL_rsi,120.9013
2022-10-07,fcre,NIT_amm,0.491
2022-10-07,fcre,NIT_nit,0.2166
2022-10-07,fcre,PHS_frp,0.2001
2022-10-07,fcre,OGM_doc,19.2697
2022-10-07,fcre,OGM_docr,260.1404
2022-10-07,fcre,OGM_poc,27.941
2022-10-07,fcre,OGM_don,1.1086
2022-10-07,fcre,OGM_donr,9.977
2022-10-07,fcre,OGM_pon,2.2171
2022-10-07,fcre,OGM_dop,0.0344
2022-10-07,fcre,OGM_dopr,0.3093
2022-10-07,fcre,OGM_pop,0.8018
2022-10-07,fcre,PHY_cyano,0
2022-10-07,fcre,PHY_green,0
2022-10-07,fcre,PHY_diatom,0
2022-10-08,fcre,FLOW,0.0035
2022-10-08,fcre,TEMP,11.4973
2022-10-08,fcre,SALT,0
2022-10-08,fcre,OXY_oxy,320.5815
2022-10-08,fcre,CAR_dic,83.3775
2022-10-08,fcre,CAR_ch4,NA
2022-10-08,fcre,SIL_rsi,120.9013
2022-10-08,fcre,NIT_amm,0.4751
2022-10-08,fcre,NIT_nit,0.1982
2022-10-08,fcre,PHS_frp,0.2106
2022-10-08,fcre,OGM_doc,19.9239
2022-10-08,fcre,OGM_docr,268.9723
2022-10-08,fcre,OGM_poc,28.8896
2022-10-08,fcre,OGM_don,1.0566
2022-10-08,fcre,OGM_donr,9.5091
2022-10-08,fcre,OGM_pon,2.1131
2022-10-08,fcre,OGM_dop,0.0337
2022-10-08,fcre,OGM_dopr,0.3033
2022-10-08,fcre,OGM_pop,0.7864
2022-10-08,fcre,PHY_cyano,0
2022-10-08,fcre,PHY_green,0
2022-10-08,fcre,PHY_diatom,0
2022-10-09,fcre,FLOW,0.0034
2022-10-09,fcre,TEMP,9.4529
2022-10-09,fcre,SALT,0
2022-10-09,fcre,OXY_oxy,336.3152
2022-10-09,fcre,CAR_dic,85.9618
2022-10-09,fcre,CAR_ch4,NA
2022-10-09,fcre,SIL_rsi,120.9013
2022-10-09,fcre,NIT_amm,0.4593
2022-10-09,fcre,NIT_nit,0.1797
2022-10-09,fcre,PHS_frp,0.2211
2022-10-09,fcre,OGM_doc,20.5781
2022-10-09,fcre,OGM_docr,277.8042
2022-10-09,fcre,OGM_poc,29.8382
2022-10-09,fcre,OGM_don,1.0046
2022-10-09,fcre,OGM_donr,9.0411
2022-10-09,fcre,OGM_pon,2.0091
2022-10-09,fcre,OGM_dop,0.033
2022-10-09,fcre,OGM_dopr,0.2974
2022-10-09,fcre,OGM_pop,0.771
2022-10-09,fcre,PHY_cyano,0
2022-10-09,fcre,PHY_green,0
2022-10-09,fcre,PHY_diatom,0
2022-10-10,fcre,FLOW,0.0034
2022-10-10,fcre,TEMP,9.8429
2022-10-10,fcre,SALT,0
2022-10-10,fcre,OXY_oxy,333.2098
2022-10-10,fcre,CAR_dic,88.5461
2022-10-10,fcre,CAR_ch4,NA
2022-10-10,fcre,SIL_rsi,120.9013
2022-10-10,fcre,NIT_amm,0.4435
2022-10-10,fcre,NIT_nit,0.1613
2022-10-10,fcre,PHS_frp,0.2316
2022-10-10,fcre,OGM_doc,21.2323
2022-10-10,fcre,OGM_docr,286.6361
2022-10-10,fcre,OGM_poc,30.7868
2022-10-10,fcre,OGM_don,0.9526
2022-10-10,fcre,OGM_donr,8.5732
2022-10-10,fcre,OGM_pon,1.9052
2022-10-10,fcre,OGM_dop,0.0324
2022-10-10,fcre,OGM_dopr,0.2914
2022-10-10,fcre,OGM_pop,0.7555
2022-10-10,fcre,PHY_cyano,0
2022-10-10,fcre,PHY_green,0
2022-10-10,fcre,PHY_diatom,0
2022-10-11,fcre,FLOW,0.0034
2022-10-11,fcre,TEMP,10.1492
2022-10-11,fcre,SALT,0
2022-10-11,fcre,OXY_oxy,330.8067
2022-10-11,fcre,CAR_dic,91.1304
2022-10-11,fcre,CAR_ch4,NA
2022-10-11,fcre,SIL_rsi,120.9013
2022-10-11,fcre,NIT_amm,0.4276
2022-10-11,fcre,NIT_nit,0.1429
2022-10-11,fcre,PHS_frp,0.2422
2022-10-11,fcre,OGM_doc,21.8865
2022-10-11,fcre,OGM_docr,295.4681
2022-10-11,fcre,OGM_poc,31.7355
2022-10-11,fcre,OGM_don,0.9006
2022-10-11,fcre,OGM_donr,8.1053
2022-10-11,fcre,OGM_pon,1.8012
2022-10-11,fcre,OGM_dop,0.0317
2022-10-11,fcre,OGM_dopr,0.2855
2022-10-11,fcre,OGM_pop,0.7401
2022-10-11,fcre,PHY_cyano,0
2022-10-11,fcre,PHY_green,0
2022-10-11,fcre,PHY_diatom,0
2022-10-12,fcre,FLOW,0.0035
2022-10-12,fcre,TEMP,11.2528
2022-10-12,fcre,SALT,0
2022-10-12,fcre,OXY_oxy,322.3941
2022-10-12,fcre,CAR_dic,93.7147
2022-10-12,fcre,CAR_ch4,NA
2022-10-12,fcre,SIL_rsi,120.9013
2022-10-12,fcre,NIT_amm,0.4118
2022-10-12,fcre,NIT_nit,0.1244
2022-10-12,fcre,PHS_frp,0.2527
2022-10-12,fcre,OGM_doc,22.5407
2022-10-12,fcre,OGM_docr,304.3
2022-10-12,fcre,OGM_poc,32.6841
2022-10-12,fcre,OGM_don,0.8486
2022-10-12,fcre,OGM_donr,7.6374
2022-10-12,fcre,OGM_pon,1.6972
2022-10-12,fcre,OGM_dop,0.0311
2022-10-12,fcre,OGM_dopr,0.2795
2022-10-12,fcre,OGM_pop,0.7246
2022-10-12,fcre,PHY_cyano,0
2022-10-12,fcre,PHY_green,0
2022-10-12,fcre,PHY_diatom,0
2022-10-13,fcre,FLOW,0.0045
2022-10-13,fcre,TEMP,13.5602
2022-10-13,fcre,SALT,0
2022-10-13,fcre,OXY_oxy,305.9785
2022-10-13,fcre,CAR_dic,96.299
2022-10-13,fcre,CAR_ch4,NA
2022-10-13,fcre,SIL_rsi,120.9013
2022-10-13,fcre,NIT_amm,0.3959
2022-10-13,fcre,NIT_nit,0.106
2022-10-13,fcre,PHS_frp,0.2632
2022-10-13,fcre,OGM_doc,23.195
2022-10-13,fcre,OGM_docr,313.1319
2022-10-13,fcre,OGM_poc,33.6327
2022-10-13,fcre,OGM_don,0.7966
2022-10-13,fcre,OGM_donr,7.1695
2022-10-13,fcre,OGM_pon,1.5932
2022-10-13,fcre,OGM_dop,0.0304
2022-10-13,fcre,OGM_dopr,0.2735
2022-10-13,fcre,OGM_pop,0.7092
2022-10-13,fcre,PHY_cyano,0
2022-10-13,fcre,PHY_green,0
2022-10-13,fcre,PHY_diatom,0
2022-10-14,fcre,FLOW,0.0035
2022-10-14,fcre,TEMP,11.5205
2022-10-14,fcre,SALT,0
2022-10-14,fcre,OXY_oxy,320.4102
2022-10-14,fcre,CAR_dic,98.8833
2022-10-14,fcre,CAR_ch4,NA
2022-10-14,fcre,SIL_rsi,120.9013
2022-10-14,fcre,NIT_amm,0.3801
2022-10-14,fcre,NIT_nit,0.0876
2022-10-14,fcre,PHS_frp,0.2738
2022-10-14,fcre,OGM_doc,23.8492
2022-10-14,fcre,OGM_docr,321.9638
2022-10-14,fcre,OGM_poc,34.5813
2022-10-14,fcre,OGM_don,0.7446
2022-10-14,fcre,OGM_donr,6.7015
2022-10-14,fcre,OGM_pon,1.4892
2022-10-14,fcre,OGM_dop,0.0297
2022-10-14,fcre,OGM_dopr,0.2676
2022-10-14,fcre,OGM_pop,0.6937
2022-10-14,fcre,PHY_cyano,0
2022-10-14,fcre,PHY_green,0
2022-10-14,fcre,PHY_diatom,0
2022-10-15,fcre,FLOW,0.0035
2022-10-15,fcre,TEMP,11.6094
2022-10-15,fcre,SALT,0
2022-10-15,fcre,OXY_oxy,319.7565
2022-10-15,fcre,CAR_dic,101.4676
2022-10-15,fcre,CAR_ch4,NA
2022-10-15,fcre,SIL_rsi,120.9013
2022-10-15,fcre,NIT_amm,0.3643
2022-10-15,fcre,NIT_nit,0.0691
2022-10-15,fcre,PHS_frp,0.2843
2022-10-15,fcre,OGM_doc,24.5034
2022-10-15,fcre,OGM_docr,330.7958
2022-10-15,fcre,OGM_poc,35.5299
2022-10-15,fcre,OGM_don,0.6926
2022-10-15,fcre,OGM_donr,6.2336
2022-10-15,fcre,OGM_pon,1.3853
2022-10-15,fcre,OGM_dop,0.0291
2022-10-15,fcre,OGM_dopr,0.2616
2022-10-15,fcre,OGM_pop,0.6783
2022-10-15,fcre,PHY_cyano,0
2022-10-15,fcre,PHY_green,0
2022-10-15,fcre,PHY_diatom,0
2022-10-16,fcre,FLOW,0.0044
2022-10-16,fcre,TEMP,13.2577
2022-10-16,fcre,SALT,0
2022-10-16,fcre,OXY_oxy,308.0452
2022-10-16,fcre,CAR_dic,104.0519
2022-10-16,fcre,CAR_ch4,NA
2022-10-16,fcre,SIL_rsi,120.9013
2022-10-16,fcre,NIT_amm,0.3484
2022-10-16,fcre,NIT_nit,0.0507
2022-10-16,fcre,PHS_frp,0.2948
2022-10-16,fcre,OGM_doc,25.1576
2022-10-16,fcre,OGM_docr,339.6277
2022-10-16,fcre,OGM_poc,36.4785
2022-10-16,fcre,OGM_don,0.6406
2022-10-16,fcre,OGM_donr,5.7657
2022-10-16,fcre,OGM_pon,1.2813
2022-10-16,fcre,OGM_dop,0.0284
2022-10-16,fcre,OGM_dopr,0.2557
2022-10-16,fcre,OGM_pop,0.6629
2022-10-16,fcre,PHY_cyano,0
2022-10-16,fcre,PHY_green,0
2022-10-16,fcre,PHY_diatom,0
2022-10-17,fcre,FLOW,0.0049
2022-10-17,fcre,TEMP,12.9881
2022-10-17,fcre,SALT,0
2022-10-17,fcre,OXY_oxy,309.9081
2022-10-17,fcre,CAR_dic,106.6362
2022-10-17,fcre,CAR_ch4,NA
2022-10-17,fcre,SIL_rsi,120.9013
2022-10-17,fcre,NIT_amm,0.3326
2022-10-17,fcre,NIT_nit,0.0323
2022-10-17,fcre,PHS_frp,0.3054
2022-10-17,fcre,OGM_doc,25.8118
2022-10-17,fcre,OGM_docr,348.4596
2022-10-17,fcre,OGM_poc,37.4271
2022-10-17,fcre,OGM_don,0.5886
2022-10-17,fcre,OGM_donr,5.2978
2022-10-17,fcre,OGM_pon,1.1773
2022-10-17,fcre,OGM_dop,0.0277
2022-10-17,fcre,OGM_dopr,0.2497
2022-10-17,fcre,OGM_pop,0.6474
2022-10-17,fcre,PHY_cyano,0
2022-10-17,fcre,PHY_green,0
2022-10-17,fcre,PHY_diatom,0
2022-10-18,fcre,FLOW,0.0038
2022-10-18,fcre,TEMP,8.1624
2022-10-18,fcre,SALT,0
2022-10-18,fcre,OXY_oxy,346.9594
2022-10-18,fcre,CAR_dic,106.0303
2022-10-18,fcre,CAR_ch4,NA
2022-10-18,fcre,SIL_rsi,120.9013
2022-10-18,fcre,NIT_amm,0.3376
2022-10-18,fcre,NIT_nit,0.0308
2022-10-18,fcre,PHS_frp,0.3025
2022-10-18,fcre,OGM_doc,25.6604
2022-10-18,fcre,OGM_docr,346.4159
2022-10-18,fcre,OGM_poc,37.2076
2022-10-18,fcre,OGM_don,0.5807
2022-10-18,fcre,OGM_donr,5.226
2022-10-18,fcre,OGM_pon,1.1613
2022-10-18,fcre,OGM_dop,0.0274
2022-10-18,fcre,OGM_dopr,0.2462
2022-10-18,fcre,OGM_pop,0.6383
2022-10-18,fcre,PHY_cyano,0
2022-10-18,fcre,PHY_green,0
2022-10-18,fcre,PHY_diatom,0
2022-10-19,fcre,FLOW,0.0037
2022-10-19,fcre,TEMP,7.2174
2022-10-19,fcre,SALT,0
2022-10-19,fcre,OXY_oxy,355.133
2022-10-19,fcre,CAR_dic,105.4244
2022-10-19,fcre,CAR_ch4,NA
2022-10-19,fcre,SIL_rsi,120.9013
2022-10-19,fcre,NIT_amm,0.3427
2022-10-19,fcre,NIT_nit,0.0293
2022-10-19,fcre,PHS_frp,0.2996
2022-10-19,fcre,OGM_doc,25.509
2022-10-19,fcre,OGM_docr,344.3721
2022-10-19,fcre,OGM_poc,36.9881
2022-10-19,fcre,OGM_don,0.5727
2022-10-19,fcre,OGM_donr,5.1541
2022-10-19,fcre,OGM_pon,1.1454
2022-10-19,fcre,OGM_dop,0.027
2022-10-19,fcre,OGM_dopr,0.2427
2022-10-19,fcre,OGM_pop,0.6292
2022-10-19,fcre,PHY_cyano,0
2022-10-19,fcre,PHY_green,0
2022-10-19,fcre,PHY_diatom,0
2022-10-20,fcre,FLOW,0.0037
2022-10-20,fcre,TEMP,7.4714
2022-10-20,fcre,SALT,0
2022-10-20,fcre,OXY_oxy,352.9035
2022-10-20,fcre,CAR_dic,104.8185
2022-10-20,fcre,CAR_ch4,NA
2022-10-20,fcre,SIL_rsi,120.9013
2022-10-20,fcre,NIT_amm,0.3477
2022-10-20,fcre,NIT_nit,0.0279
2022-10-20,fcre,PHS_frp,0.2967
2022-10-20,fcre,OGM_doc,25.3577
2022-10-20,fcre,OGM_docr,342.3284
2022-10-20,fcre,OGM_poc,36.7686
2022-10-20,fcre,OGM_don,0.5647
2022-10-20,fcre,OGM_donr,5.0823
2022-10-20,fcre,OGM_pon,1.1294
2022-10-20,fcre,OGM_dop,0.0266
2022-10-20,fcre,OGM_dopr,0.2392
2022-10-20,fcre,OGM_pop,0.6202
2022-10-20,fcre,PHY_cyano,0
2022-10-20,fcre,PHY_green,0
2022-10-20,fcre,PHY_diatom,0
2022-10-21,fcre,FLOW,0.0037
2022-10-21,fcre,TEMP,8.2041
2022-10-21,fcre,SALT,0
2022-10-21,fcre,OXY_oxy,346.6071
2022-10-21,fcre,CAR_dic,104.2126
2022-10-21,fcre,CAR_ch4,NA
2022-10-21,fcre,SIL_rsi,120.9013
2022-10-21,fcre,NIT_amm,0.3528
2022-10-21,fcre,NIT_nit,0.0264
2022-10-21,fcre,PHS_frp,0.2939
2022-10-21,fcre,OGM_doc,25.2063
2022-10-21,fcre,OGM_docr,340.2846
2022-10-21,fcre,OGM_poc,36.5491
2022-10-21,fcre,OGM_don,0.5567
2022-10-21,fcre,OGM_donr,5.0104
2022-10-21,fcre,OGM_pon,1.1134
2022-10-21,fcre,OGM_dop,0.0262
2022-10-21,fcre,OGM_dopr,0.2357
2022-10-21,fcre,OGM_pop,0.6111
2022-10-21,fcre,PHY_cyano,0
2022-10-21,fcre,PHY_green,0
2022-10-21,fcre,PHY_diatom,0
2022-10-22,fcre,FLOW,0.0037
2022-10-22,fcre,TEMP,9.0212
2022-10-22,fcre,SALT,0
2022-10-22,fcre,OXY_oxy,339.8118
2022-10-22,fcre,CAR_dic,103.6068
2022-10-22,fcre,CAR_ch4,NA
2022-10-22,fcre,SIL_rsi,120.9013
2022-10-22,fcre,NIT_amm,0.3578
2022-10-22,fcre,NIT_nit,0.0249
2022-10-22,fcre,PHS_frp,0.291
2022-10-22,fcre,OGM_doc,25.0549
2022-10-22,fcre,OGM_docr,338.2409
2022-10-22,fcre,OGM_poc,36.3296
2022-10-22,fcre,OGM_don,0.5487
2022-10-22,fcre,OGM_donr,4.9386
2022-10-22,fcre,OGM_pon,1.0975
2022-10-22,fcre,OGM_dop,0.0258
2022-10-22,fcre,OGM_dopr,0.2322
2022-10-22,fcre,OGM_pop,0.602
2022-10-22,fcre,PHY_cyano,0
2022-10-22,fcre,PHY_green,0
2022-10-22,fcre,PHY_diatom,0
2022-10-23,fcre,FLOW,0.0037
2022-10-23,fcre,TEMP,9.9603
2022-10-23,fcre,SALT,0
2022-10-23,fcre,OXY_oxy,332.285
2022-10-23,fcre,CAR_dic,103.0009
2022-10-23,fcre,CAR_ch4,NA
2022-10-23,fcre,SIL_rsi,120.9013
2022-10-23,fcre,NIT_amm,0.3628
2022-10-23,fcre,NIT_nit,0.0235
2022-10-23,fcre,PHS_frp,0.2881
2022-10-23,fcre,OGM_doc,24.9035
2022-10-23,fcre,OGM_docr,336.1971
2022-10-23,fcre,OGM_poc,36.1101
2022-10-23,fcre,OGM_don,0.5408
2022-10-23,fcre,OGM_donr,4.8668
2022-10-23,fcre,OGM_pon,1.0815
2022-10-23,fcre,OGM_dop,0.0254
2022-10-23,fcre,OGM_dopr,0.2287
2022-10-23,fcre,OGM_pop,0.5929
2022-10-23,fcre,PHY_cyano,0
2022-10-23,fcre,PHY_green,0
2022-10-23,fcre,PHY_diatom,0
2022-10-24,fcre,FLOW,0.0037
2022-10-24,fcre,TEMP,10.8226
2022-10-24,fcre,SALT,0
2022-10-24,fcre,OXY_oxy,325.628
2022-10-24,fcre,CAR_dic,102.395
2022-10-24,fcre,CAR_ch4,NA
2022-10-24,fcre,SIL_rsi,120.9013
2022-10-24,fcre,NIT_amm,0.3679
2022-10-24,fcre,NIT_nit,0.022
2022-10-24,fcre,PHS_frp,0.2853
2022-10-24,fcre,OGM_doc,24.7521
2022-10-24,fcre,OGM_docr,334.1534
2022-10-24,fcre,OGM_poc,35.8905
2022-10-24,fcre,OGM_don,0.5328
2022-10-24,fcre,OGM_donr,4.7949
2022-10-24,fcre,OGM_pon,1.0655
2022-10-24,fcre,OGM_dop,0.025
2022-10-24,fcre,OGM_dopr,0.2252
2022-10-24,fcre,OGM_pop,0.5838
2022-10-24,fcre,PHY_cyano,0
2022-10-24,fcre,PHY_green,0
2022-10-24,fcre,PHY_diatom,0
2022-10-25,fcre,FLOW,0.0037
2022-10-25,fcre,TEMP,11.593
2022-10-25,fcre,SALT,0
2022-10-25,fcre,OXY_oxy,319.8766
2022-10-25,fcre,CAR_dic,101.7891
2022-10-25,fcre,CAR_ch4,NA
2022-10-25,fcre,SIL_rsi,120.9013
2022-10-25,fcre,NIT_amm,0.3729
2022-10-25,fcre,NIT_nit,0.0205
2022-10-25,fcre,PHS_frp,0.2824
2022-10-25,fcre,OGM_doc,24.6007
2022-10-25,fcre,OGM_docr,332.1096
2022-10-25,fcre,OGM_poc,35.671
2022-10-25,fcre,OGM_don,0.5248
2022-10-25,fcre,OGM_donr,4.7231
2022-10-25,fcre,OGM_pon,1.0496
2022-10-25,fcre,OGM_dop,0.0246
2022-10-25,fcre,OGM_dopr,0.2217
2022-10-25,fcre,OGM_pop,0.5747
2022-10-25,fcre,PHY_cyano,0
2022-10-25,fcre,PHY_green,0
2022-10-25,fcre,PHY_diatom,0
2022-10-26,fcre,FLOW,0.004
2022-10-26,fcre,TEMP,12.6347
2022-10-26,fcre,SALT,0
2022-10-26,fcre,OXY_oxy,312.3809
2022-10-26,fcre,CAR_dic,101.1832
2022-10-26,fcre,CAR_ch4,NA
2022-10-26,fcre,SIL_rsi,120.9013
2022-10-26,fcre,NIT_amm,0.3779
2022-10-26,fcre,NIT_nit,0.0191
2022-10-26,fcre,PHS_frp,0.2795
2022-10-26,fcre,OGM_doc,24.4493
2022-10-26,fcre,OGM_docr,330.0659
2022-10-26,fcre,OGM_poc,35.4515
2022-10-26,fcre,OGM_don,0.5168
2022-10-26,fcre,OGM_donr,4.6513
2022-10-26,fcre,OGM_pon,1.0336
2022-10-26,fcre,OGM_dop,0.0242
2022-10-26,fcre,OGM_dopr,0.2182
2022-10-26,fcre,OGM_pop,0.5656
2022-10-26,fcre,PHY_cyano,0
2022-10-26,fcre,PHY_green,0
2022-10-26,fcre,PHY_diatom,0
2022-10-27,fcre,FLOW,0.0038
2022-10-27,fcre,TEMP,11.2423
2022-10-27,fcre,SALT,0
2022-10-27,fcre,OXY_oxy,322.4725
2022-10-27,fcre,CAR_dic,100.5773
2022-10-27,fcre,CAR_ch4,NA
2022-10-27,fcre,SIL_rsi,120.9013
2022-10-27,fcre,NIT_amm,0.383
2022-10-27,fcre,NIT_nit,0.0176
2022-10-27,fcre,PHS_frp,0.2766
2022-10-27,fcre,OGM_doc,24.2979
2022-10-27,fcre,OGM_docr,328.0221
2022-10-27,fcre,OGM_poc,35.232
2022-10-27,fcre,OGM_don,0.5088
2022-10-27,fcre,OGM_donr,4.5794
2022-10-27,fcre,OGM_pon,1.0177
2022-10-27,fcre,OGM_dop,0.0239
2022-10-27,fcre,OGM_dopr,0.2147
2022-10-27,fcre,OGM_pop,0.5566
2022-10-27,fcre,PHY_cyano,0
2022-10-27,fcre,PHY_green,0
2022-10-27,fcre,PHY_diatom,0
2022-10-28,fcre,FLOW,0.0037
2022-10-28,fcre,TEMP,10.2757
2022-10-28,fcre,SALT,0
2022-10-28,fcre,OXY_oxy,329.8224
2022-10-28,fcre,CAR_dic,99.9714
2022-10-28,fcre,CAR_ch4,NA
2022-10-28,fcre,SIL_rsi,120.9013
2022-10-28,fcre,NIT_amm,0.388
2022-10-28,fcre,NIT_nit,0.0161
2022-10-28,fcre,PHS_frp,0.2738
2022-10-28,fcre,OGM_doc,24.1465
2022-10-28,fcre,OGM_docr,325.9784
2022-10-28,fcre,OGM_poc,35.0125
2022-10-28,fcre,OGM_don,0.5008
2022-10-28,fcre,OGM_donr,4.5076
2022-10-28,fcre,OGM_pon,1.0017
2022-10-28,fcre,OGM_dop,0.0235
2022-10-28,fcre,OGM_dopr,0.2112
2022-10-28,fcre,OGM_pop,0.5475
2022-10-28,fcre,PHY_cyano,0
2022-10-28,fcre,PHY_green,0
2022-10-28,fcre,PHY_diatom,0
2022-10-29,fcre,FLOW,0.0038
2022-10-29,fcre,TEMP,11.0292
2022-10-29,fcre,SALT,0
2022-10-29,fcre,OXY_oxy,324.0682
2022-10-29,fcre,CAR_dic,99.3655
2022-10-29,fcre,CAR_ch4,NA
2022-10-29,fcre,SIL_rsi,120.9013
2022-10-29,fcre,NIT_amm,0.3931
2022-10-29,fcre,NIT_nit,0.0147
2022-10-29,fcre,PHS_frp,0.2709
2022-10-29,fcre,OGM_doc,23.9952
2022-10-29,fcre,OGM_docr,323.9346
2022-10-29,fcre,OGM_poc,34.793
2022-10-29,fcre,OGM_don,0.4929
2022-10-29,fcre,OGM_donr,4.4358
2022-10-29,fcre,OGM_pon,0.9857
2022-10-29,fcre,OGM_dop,0.0231
2022-10-29,fcre,OGM_dopr,0.2077
2022-10-29,fcre,OGM_pop,0.5384
2022-10-29,fcre,PHY_cyano,0
2022-10-29,fcre,PHY_green,0
2022-10-29,fcre,PHY_diatom,0
2022-10-30,fcre,FLOW,0.0038
2022-10-30,fcre,TEMP,11.0052
2022-10-30,fcre,SALT,0
2022-10-30,fcre,OXY_oxy,324.2484
2022-10-30,fcre,CAR_dic,98.7597
2022-10-30,fcre,CAR_ch4,NA
2022-10-30,fcre,SIL_rsi,120.9013
2022-10-30,fcre,NIT_amm,0.3981
2022-10-30,fcre,NIT_nit,0.0132
2022-10-30,fcre,PHS_frp,0.268
2022-10-30,fcre,OGM_doc,23.8438
2022-10-30,fcre,OGM_docr,321.8908
2022-10-30,fcre,OGM_poc,34.5735
2022-10-30,fcre,OGM_don,0.4849
2022-10-30,fcre,OGM_donr,4.3639
2022-10-30,fcre,OGM_pon,0.9698
2022-10-30,fcre,OGM_dop,0.0227
2022-10-30,fcre,OGM_dopr,0.2042
2022-10-30,fcre,OGM_pop,0.5293
2022-10-30,fcre,PHY_cyano,0
2022-10-30,fcre,PHY_green,0
2022-10-30,fcre,PHY_diatom,0
2022-10-31,fcre,FLOW,0.0048
2022-10-31,fcre,TEMP,11.6368
2022-10-31,fcre,SALT,0
2022-10-31,fcre,OXY_oxy,319.5554
2022-10-31,fcre,CAR_dic,98.1538
2022-10-31,fcre,CAR_ch4,NA
2022-10-31,fcre,SIL_rsi,120.9013
2022-10-31,fcre,NIT_amm,0.4031
2022-10-31,fcre,NIT_nit,0.0117
2022-10-31,fcre,PHS_frp,0.2652
2022-10-31,fcre,OGM_doc,23.6924
2022-10-31,fcre,OGM_docr,319.8471
2022-10-31,fcre,OGM_poc,34.3539
2022-10-31,fcre,OGM_don,0.4769
2022-10-31,fcre,OGM_donr,4.2921
2022-10-31,fcre,OGM_pon,0.9538
2022-10-31,fcre,OGM_dop,0.0223
2022-10-31,fcre,OGM_dopr,0.2007
2022-10-31,fcre,OGM_pop,0.5202
2022-10-31,fcre,PHY_cyano,0
2022-10-31,fcre,PHY_green,0
2022-10-31,fcre,PHY_diatom,0
2022-11-01,fcre,FLOW,0.0043
2022-11-01,fcre,TEMP,12.4032
2022-11-01,fcre,SALT,0
2022-11-01,fcre,OXY_oxy,314.0194
2022-11-01,fcre,CAR_dic,97.5479
2022-11-01,fcre,CAR_ch4,NA
2022-11-01,fcre,SIL_rsi,120.9013
2022-11-01,fcre,NIT_amm,0.4082
2022-11-01,fcre,NIT_nit,0.0103
2022-11-01,fcre,PHS_frp,0.2623
2022-11-01,fcre,OGM_doc,23.541
2022-11-01,fcre,OGM_docr,317.8033
2022-11-01,fcre,OGM_poc,34.1344
2022-11-01,fcre,OGM_don,0.4689
2022-11-01,fcre,OGM_donr,4.2203
2022-11-01,fcre,OGM_pon,0.9378
2022-11-01,fcre,OGM_dop,0.0219
2022-11-01,fcre,OGM_dopr,0.1971
2022-11-01,fcre,OGM_pop,0.5111
2022-11-01,fcre,PHY_cyano,0
2022-11-01,fcre,PHY_green,0
2022-11-01,fcre,PHY_diatom,0
2022-11-02,fcre,FLOW,0.0041
2022-11-02,fcre,TEMP,12.2052
2022-11-02,fcre,SALT,0
2022-11-02,fcre,OXY_oxy,315.4333
2022-11-02,fcre,CAR_dic,96.942
2022-11-02,fcre,CAR_ch4,NA
2022-11-02,fcre,SIL_rsi,120.9013
2022-11-02,fcre,NIT_amm,0.4132
2022-11-02,fcre,NIT_nit,0.0088
2022-11-02,fcre,PHS_frp,0.2594
2022-11-02,fcre,OGM_doc,23.3896
2022-11-02,fcre,OGM_docr,315.7596
2022-11-02,fcre,OGM_poc,33.9149
2022-11-02,fcre,OGM_don,0.4609
2022-11-02,fcre,OGM_donr,4.1484
2022-11-02,fcre,OGM_pon,0.9219
2022-11-02,fcre,OGM_dop,0.0215
2022-11-02,fcre,OGM_dopr,0.1936
2022-11-02,fcre,OGM_pop,0.502
2022-11-02,fcre,PHY_cyano,0
2022-11-02,fcre,PHY_green,0
2022-11-02,fcre,PHY_diatom,0
2022-11-03,fcre,FLOW,0.0041
2022-11-03,fcre,TEMP,12.5097
2022-11-03,fcre,SALT,0
2022-11-03,fcre,OXY_oxy,313.2639
2022-11-03,fcre,CAR_dic,96.3361
2022-11-03,fcre,CAR_ch4,NA
2022-11-03,fcre,SIL_rsi,120.9013
2022-11-03,fcre,NIT_amm,0.4183
2022-11-03,fcre,NIT_nit,0.0073
2022-11-03,fcre,PHS_frp,0.2565
2022-11-03,fcre,OGM_doc,23.2382
2022-11-03,fcre,OGM_docr,313.7158
2022-11-03,fcre,OGM_poc,33.6954
2022-11-03,fcre,OGM_don,0.453
2022-11-03,fcre,OGM_donr,4.0766
2022-11-03,fcre,OGM_pon,0.9059
2022-11-03,fcre,OGM_dop,0.0211
2022-11-03,fcre,OGM_dopr,0.1901
2022-11-03,fcre,OGM_pop,0.493
2022-11-03,fcre,PHY_cyano,0
2022-11-03,fcre,PHY_green,0
2022-11-03,fcre,PHY_diatom,0
2022-11-04,fcre,FLOW,0.004
2022-11-04,fcre,TEMP,13.035
2022-11-04,fcre,SALT,0
2022-11-04,fcre,OXY_oxy,309.5827
2022-11-04,fcre,CAR_dic,95.7302
2022-11-04,fcre,CAR_ch4,NA
2022-11-04,fcre,SIL_rsi,120.9013
2022-11-04,fcre,NIT_amm,0.4233
2022-11-04,fcre,NIT_nit,0.0059
2022-11-04,fcre,PHS_frp,0.2537
2022-11-04,fcre,OGM_doc,23.0868
2022-11-04,fcre,OGM_docr,311.6721
2022-11-04,fcre,OGM_poc,33.4759
2022-11-04,fcre,OGM_don,0.445
2022-11-04,fcre,OGM_donr,4.0047
2022-11-04,fcre,OGM_pon,0.8899
2022-11-04,fcre,OGM_dop,0.0207
2022-11-04,fcre,OGM_dopr,0.1866
2022-11-04,fcre,OGM_pop,0.4839
2022-11-04,fcre,PHY_cyano,0
2022-11-04,fcre,PHY_green,0
2022-11-04,fcre,PHY_diatom,0
2022-11-05,fcre,FLOW,0.0042
2022-11-05,fcre,TEMP,15.1325
2022-11-05,fcre,SALT,0
2022-11-05,fcre,OXY_oxy,295.6231
2022-11-05,fcre,CAR_dic,95.1243
2022-11-05,fcre,CAR_ch4,NA
2022-11-05,fcre,SIL_rsi,120.9013
2022-11-05,fcre,NIT_amm,0.4283
2022-11-05,fcre,NIT_nit,0.0044
2022-11-05,fcre,PHS_frp,0.2508
2022-11-05,fcre,OGM_doc,22.9354
2022-11-05,fcre,OGM_docr,309.6283
2022-11-05,fcre,OGM_poc,33.2564
2022-11-05,fcre,OGM_don,0.437
2022-11-05,fcre,OGM_donr,3.9329
2022-11-05,fcre,OGM_pon,0.874
2022-11-05,fcre,OGM_dop,0.0203
2022-11-05,fcre,OGM_dopr,0.1831
2022-11-05,fcre,OGM_pop,0.4748
2022-11-05,fcre,PHY_cyano,0
2022-11-05,fcre,PHY_green,0
2022-11-05,fcre,PHY_diatom,0
2022-11-06,fcre,FLOW,0.0052
2022-11-06,fcre,TEMP,15.4892
2022-11-06,fcre,SALT,0
2022-11-06,fcre,OXY_oxy,293.3606
2022-11-06,fcre,CAR_dic,94.5184
2022-11-06,fcre,CAR_ch4,NA
2022-11-06,fcre,SIL_rsi,120.9013
2022-11-06,fcre,NIT_amm,0.4334
2022-11-06,fcre,NIT_nit,0.0029
2022-11-06,fcre,PHS_frp,0.2479
2022-11-06,fcre,OGM_doc,22.784
2022-11-06,fcre,OGM_docr,307.5846
2022-11-06,fcre,OGM_poc,33.0369
2022-11-06,fcre,OGM_don,0.429
2022-11-06,fcre,OGM_donr,3.8611
2022-11-06,fcre,OGM_pon,0.858
2022-11-06,fcre,OGM_dop,0.02
2022-11-06,fcre,OGM_dopr,0.1796
2022-11-06,fcre,OGM_pop,0.4657
2022-11-06,fcre,PHY_cyano,0
2022-11-06,fcre,PHY_green,0
2022-11-06,fcre,PHY_diatom,0
2022-11-07,fcre,FLOW,0.0053
2022-11-07,fcre,TEMP,15.8644
2022-11-07,fcre,SALT,0
2022-11-07,fcre,OXY_oxy,291.0139
2022-11-07,fcre,CAR_dic,93.9126
2022-11-07,fcre,CAR_ch4,NA
2022-11-07,fcre,SIL_rsi,120.9013
2022-11-07,fcre,NIT_amm,0.4384
2022-11-07,fcre,NIT_nit,0.0015
2022-11-07,fcre,PHS_frp,0.245
2022-11-07,fcre,OGM_doc,22.6327
2022-11-07,fcre,OGM_docr,305.5408
2022-11-07,fcre,OGM_poc,32.8173
2022-11-07,fcre,OGM_don,0.421
2022-11-07,fcre,OGM_donr,3.7892
2022-11-07,fcre,OGM_pon,0.8421
2022-11-07,fcre,OGM_dop,0.0196
2022-11-07,fcre,OGM_dopr,0.1761
2022-11-07,fcre,OGM_pop,0.4566
2022-11-07,fcre,PHY_cyano,0
2022-11-07,fcre,PHY_green,0
2022-11-07,fcre,PHY_diatom,0
2022-11-08,fcre,FLOW,0.0054
2022-11-08,fcre,TEMP,11.9922
2022-11-08,fcre,SALT,0
2022-11-08,fcre,OXY_oxy,316.967
2022-11-08,fcre,CAR_dic,93.3067
2022-11-08,fcre,CAR_ch4,NA
2022-11-08,fcre,SIL_rsi,120.9013
2022-11-08,fcre,NIT_amm,0.4435
2022-11-08,fcre,NIT_nit,0
2022-11-08,fcre,PHS_frp,0.2422
2022-11-08,fcre,OGM_doc,22.4813
2022-11-08,fcre,OGM_docr,303.4971
2022-11-08,fcre,OGM_poc,32.5978
2022-11-08,fcre,OGM_don,0.413
2022-11-08,fcre,OGM_donr,3.7174
2022-11-08,fcre,OGM_pon,0.8261
2022-11-08,fcre,OGM_dop,0.0192
2022-11-08,fcre,OGM_dopr,0.1726
2022-11-08,fcre,OGM_pop,0.4475
2022-11-08,fcre,PHY_cyano,0
2022-11-08,fcre,PHY_green,0
2022-11-08,fcre,PHY_diatom,0
2022-11-09,fcre,FLOW,0.0055
2022-11-09,fcre,TEMP,9.4777
2022-11-09,fcre,SALT,0
2022-11-09,fcre,OXY_oxy,336.116
2022-11-09,fcre,CAR_dic,90.4503
2022-11-09,fcre,CAR_ch4,NA
2022-11-09,fcre,SIL_rsi,120.9013
2022-11-09,fcre,NIT_amm,0.4296
2022-11-09,fcre,NIT_nit,0.0101
2022-11-09,fcre,PHS_frp,0.233
2022-11-09,fcre,OGM_doc,22.6894
2022-11-09,fcre,OGM_docr,306.3072
2022-11-09,fcre,OGM_poc,32.8997
2022-11-09,fcre,OGM_don,0.4315
2022-11-09,fcre,OGM_donr,3.8836
2022-11-09,fcre,OGM_pon,0.863
2022-11-09,fcre,OGM_dop,0.0191
2022-11-09,fcre,OGM_dopr,0.1717
2022-11-09,fcre,OGM_pop,0.4452
2022-11-09,fcre,PHY_cyano,0
2022-11-09,fcre,PHY_green,0
2022-11-09,fcre,PHY_diatom,0
2022-11-10,fcre,FLOW,0.0056
2022-11-10,fcre,TEMP,11.4045
2022-11-10,fcre,SALT,0
2022-11-10,fcre,OXY_oxy,321.2675
2022-11-10,fcre,CAR_dic,87.594
2022-11-10,fcre,CAR_ch4,NA
2022-11-10,fcre,SIL_rsi,120.9013
2022-11-10,fcre,NIT_amm,0.4157
2022-11-10,fcre,NIT_nit,0.0202
2022-11-10,fcre,PHS_frp,0.2238
2022-11-10,fcre,OGM_doc,22.8976
2022-11-10,fcre,OGM_docr,309.1174
2022-11-10,fcre,OGM_poc,33.2015
2022-11-10,fcre,OGM_don,0.45
2022-11-10,fcre,OGM_donr,4.0499
2022-11-10,fcre,OGM_pon,0.9
2022-11-10,fcre,OGM_dop,0.019
2022-11-10,fcre,OGM_dopr,0.1708
2022-11-10,fcre,OGM_pop,0.4429
2022-11-10,fcre,PHY_cyano,0
2022-11-10,fcre,PHY_green,0
2022-11-10,fcre,PHY_diatom,0
2022-11-11,fcre,FLOW,0.0057
2022-11-11,fcre,TEMP,14.0404
2022-11-11,fcre,SALT,0
2022-11-11,fcre,OXY_oxy,302.748
2022-11-11,fcre,CAR_dic,84.7377
2022-11-11,fcre,CAR_ch4,NA
2022-11-11,fcre,SIL_rsi,120.9013
2022-11-11,fcre,NIT_amm,0.4019
2022-11-11,fcre,NIT_nit,0.0302
2022-11-11,fcre,PHS_frp,0.2145
2022-11-11,fcre,OGM_doc,23.1057
2022-11-11,fcre,OGM_docr,311.9276
2022-11-11,fcre,OGM_poc,33.5033
2022-11-11,fcre,OGM_don,0.4685
2022-11-11,fcre,OGM_donr,4.2161
2022-11-11,fcre,OGM_pon,0.9369
2022-11-11,fcre,OGM_dop,0.0189
2022-11-11,fcre,OGM_dopr,0.1699
2022-11-11,fcre,OGM_pop,0.4406
2022-11-11,fcre,PHY_cyano,0
2022-11-11,fcre,PHY_green,0
2022-11-11,fcre,PHY_diatom,0
2022-11-12,fcre,FLOW,0.0057
2022-11-12,fcre,TEMP,13.6071
2022-11-12,fcre,SALT,0
2022-11-12,fcre,OXY_oxy,305.6605
2022-11-12,fcre,CAR_dic,81.8814
2022-11-12,fcre,CAR_ch4,NA
2022-11-12,fcre,SIL_rsi,120.9013
2022-11-12,fcre,NIT_amm,0.388
2022-11-12,fcre,NIT_nit,0.0403
2022-11-12,fcre,PHS_frp,0.2053
2022-11-12,fcre,OGM_doc,23.3139
2022-11-12,fcre,OGM_docr,314.7377
2022-11-12,fcre,OGM_poc,33.8052
2022-11-12,fcre,OGM_don,0.4869
2022-11-12,fcre,OGM_donr,4.3823
2022-11-12,fcre,OGM_pon,0.9738
2022-11-12,fcre,OGM_dop,0.0188
2022-11-12,fcre,OGM_dopr,0.1691
2022-11-12,fcre,OGM_pop,0.4383
2022-11-12,fcre,PHY_cyano,0
2022-11-12,fcre,PHY_green,0
2022-11-12,fcre,PHY_diatom,0
2022-11-13,fcre,FLOW,0.0058
2022-11-13,fcre,TEMP,8.4923
2022-11-13,fcre,SALT,0
2022-11-13,fcre,OXY_oxy,344.1832
2022-11-13,fcre,CAR_dic,79.025
2022-11-13,fcre,CAR_ch4,NA
2022-11-13,fcre,SIL_rsi,120.9013
2022-11-13,fcre,NIT_amm,0.3742
2022-11-13,fcre,NIT_nit,0.0504
2022-11-13,fcre,PHS_frp,0.1961
2022-11-13,fcre,OGM_doc,23.5221
2022-11-13,fcre,OGM_docr,317.5479
2022-11-13,fcre,OGM_poc,34.107
2022-11-13,fcre,OGM_don,0.5054
2022-11-13,fcre,OGM_donr,4.5485
2022-11-13,fcre,OGM_pon,1.0108
2022-11-13,fcre,OGM_dop,0.0187
2022-11-13,fcre,OGM_dopr,0.1682
2022-11-13,fcre,OGM_pop,0.436
2022-11-13,fcre,PHY_cyano,0
2022-11-13,fcre,PHY_green,0
2022-11-13,fcre,PHY_diatom,0
2022-11-14,fcre,FLOW,0.0059
2022-11-14,fcre,TEMP,6.1582
2022-11-14,fcre,SALT,0
2022-11-14,fcre,OXY_oxy,364.6975
2022-11-14,fcre,CAR_dic,76.1687
2022-11-14,fcre,CAR_ch4,NA
2022-11-14,fcre,SIL_rsi,120.9013
2022-11-14,fcre,NIT_amm,0.3603
2022-11-14,fcre,NIT_nit,0.0605
2022-11-14,fcre,PHS_frp,0.1869
2022-11-14,fcre,OGM_doc,23.7302
2022-11-14,fcre,OGM_docr,320.358
2022-11-14,fcre,OGM_poc,34.4088
2022-11-14,fcre,OGM_don,0.5239
2022-11-14,fcre,OGM_donr,4.7148
2022-11-14,fcre,OGM_pon,1.0477
2022-11-14,fcre,OGM_dop,0.0186
2022-11-14,fcre,OGM_dopr,0.1673
2022-11-14,fcre,OGM_pop,0.4337
2022-11-14,fcre,PHY_cyano,0
2022-11-14,fcre,PHY_green,0
2022-11-14,fcre,PHY_diatom,0
